,concept:name,concept:endpoint,id:id,lifecycle:transition,time:timestamp,concept:instance,data_received,case:concept:name
0,"""order""",http://cpee.org/~demo/corr/corr.php,a24,complete,2016-12-15 15:58:34+01:00,,,Instance 208
1,"""process order""",http://gruppe.wst.univie.ac.at/~mangler/services/timeout.php,a0,complete,2016-12-15 15:58:35+01:00,,,Instance 208
2,"""calculate demand intermediate B""",http://gruppe.wst.univie.ac.at/~mangler/services/timeout.php,a10,complete,2016-12-15 15:58:37+01:00,,,Instance 208
3,"""arrival intermediate B""",http://cpee.org/~demo/corr/corr.php,a15,complete,2016-12-15 15:58:40+01:00,,,Instance 208
4,"""quick test intermediate B""",http://gruppe.wst.univie.ac.at/~mangler/services/timeout.php,a11,complete,2016-12-15 15:58:41+01:00,,,Instance 208
5,"""Production""",http://gruppe.wst.univie.ac.at/~mangler/services/timeout.php,a17,complete,2016-12-15 15:58:48+01:00,,,Instance 208
6,"""final test""",http://gruppe.wst.univie.ac.at/~mangler/services/timeout.php,a19,complete,2016-12-15 15:58:49+01:00,,,Instance 208
7,"""prepare delivery""",http://gruppe.wst.univie.ac.at/~mangler/services/timeout.php,a20,complete,2016-12-15 15:58:50+01:00,,,Instance 208
8,"""delivery of product""",http://cpee.org/~demo/corr/mesg.php,a22,complete,2016-12-15 15:58:51+01:00,,,Instance 208
9,"""arrival intermediate B""",http://cpee.org/~demo/corr/mesg.php,a2,complete,2016-12-15 15:58:40+01:00,,,Instance 209
10,"""order""",http://cpee.org/~demo/corr/corr.php,a24,complete,2016-12-15 15:58:36+01:00,,,Instance 214
11,"""process order""",http://gruppe.wst.univie.ac.at/~mangler/services/timeout.php,a0,complete,2016-12-15 15:58:37+01:00,,,Instance 214
12,"""calculate demand intermediate B""",http://gruppe.wst.univie.ac.at/~mangler/services/timeout.php,a10,complete,2016-12-15 15:58:38+01:00,,,Instance 214
13,"""arrival intermediate B""",http://cpee.org/~demo/corr/corr.php,a15,complete,2016-12-15 15:58:42+01:00,,,Instance 214
14,"""quick test intermediate B""",http://gruppe.wst.univie.ac.at/~mangler/services/timeout.php,a11,complete,2016-12-15 15:58:43+01:00,,,Instance 214
15,"""Production""",http://gruppe.wst.univie.ac.at/~mangler/services/timeout.php,a17,complete,2016-12-15 15:58:50+01:00,,,Instance 214
16,"""final test""",http://gruppe.wst.univie.ac.at/~mangler/services/timeout.php,a19,complete,2016-12-15 15:58:51+01:00,,,Instance 214
17,"""prepare delivery""",http://gruppe.wst.univie.ac.at/~mangler/services/timeout.php,a20,complete,2016-12-15 15:58:52+01:00,,,Instance 214
18,"""delivery of product""",http://cpee.org/~demo/corr/mesg.php,a22,complete,2016-12-15 15:58:52+01:00,,,Instance 214
19,"""arrival intermediate B""",http://cpee.org/~demo/corr/mesg.php,a2,complete,2016-12-15 15:58:42+01:00,,,Instance 215
20,"""order""",http://cpee.org/~demo/corr/corr.php,a24,complete,2016-12-15 15:58:38+01:00,,,Instance 220
21,"""process order""",http://gruppe.wst.univie.ac.at/~mangler/services/timeout.php,a0,complete,2016-12-15 15:58:39+01:00,,,Instance 220
22,"""calculate demand intermediate B""",http://gruppe.wst.univie.ac.at/~mangler/services/timeout.php,a10,complete,2016-12-15 15:58:41+01:00,,,Instance 220
23,"""arrival intermediate B""",http://cpee.org/~demo/corr/corr.php,a15,complete,2016-12-15 15:58:45+01:00,,,Instance 220
24,"""quick test intermediate B""",http://gruppe.wst.univie.ac.at/~mangler/services/timeout.php,a11,complete,2016-12-15 15:58:46+01:00,,,Instance 220
25,"""Production""",http://gruppe.wst.univie.ac.at/~mangler/services/timeout.php,a17,complete,2016-12-15 15:58:51+01:00,,,Instance 220
26,"""final test""",http://gruppe.wst.univie.ac.at/~mangler/services/timeout.php,a19,complete,2016-12-15 15:58:52+01:00,,,Instance 220
27,"""prepare delivery""",http://gruppe.wst.univie.ac.at/~mangler/services/timeout.php,a20,complete,2016-12-15 15:58:54+01:00,,,Instance 220
28,"""delivery of product""",http://cpee.org/~demo/corr/mesg.php,a22,complete,2016-12-15 15:58:54+01:00,,,Instance 220
29,"""arrival intermediate B""",http://cpee.org/~demo/corr/mesg.php,a2,complete,2016-12-15 15:58:45+01:00,,,Instance 221
30,"""order""",http://cpee.org/~demo/corr/corr.php,a24,complete,2016-12-15 15:58:42+01:00,,,Instance 226
31,"""process order""",http://gruppe.wst.univie.ac.at/~mangler/services/timeout.php,a0,complete,2016-12-15 15:58:43+01:00,,,Instance 226
32,"""calculate demand intermediate B""",http://gruppe.wst.univie.ac.at/~mangler/services/timeout.php,a10,complete,2016-12-15 15:58:45+01:00,,,Instance 226
33,"""arrival intermediate B""",http://cpee.org/~demo/corr/corr.php,a15,complete,2016-12-15 15:58:48+01:00,,,Instance 226
34,"""quick test intermediate B""",http://gruppe.wst.univie.ac.at/~mangler/services/timeout.php,a11,complete,2016-12-15 15:58:49+01:00,,,Instance 226
35,"""Production""",http://gruppe.wst.univie.ac.at/~mangler/services/timeout.php,a17,complete,2016-12-15 15:58:55+01:00,,,Instance 226
36,"""final test""",http://gruppe.wst.univie.ac.at/~mangler/services/timeout.php,a19,complete,2016-12-15 15:58:56+01:00,,,Instance 226
37,"""prepare delivery""",http://gruppe.wst.univie.ac.at/~mangler/services/timeout.php,a20,complete,2016-12-15 15:58:57+01:00,,,Instance 226
38,"""order""",http://cpee.org/~demo/corr/corr.php,a24,complete,2016-12-15 15:58:45+01:00,,,Instance 232
39,"""process order""",http://gruppe.wst.univie.ac.at/~mangler/services/timeout.php,a0,complete,2016-12-15 15:58:46+01:00,,,Instance 232
40,"""calculate demand intermediate B""",http://gruppe.wst.univie.ac.at/~mangler/services/timeout.php,a10,complete,2016-12-15 15:58:48+01:00,,,Instance 232
41,"""arrival intermediate B""",http://cpee.org/~demo/corr/corr.php,a15,complete,2016-12-15 15:58:50+01:00,,,Instance 232
42,"""quick test intermediate B""",http://gruppe.wst.univie.ac.at/~mangler/services/timeout.php,a11,complete,2016-12-15 15:58:51+01:00,,,Instance 232
43,"""Production""",http://gruppe.wst.univie.ac.at/~mangler/services/timeout.php,a17,complete,2016-12-15 15:58:57+01:00,,,Instance 232
44,"""final test""",http://gruppe.wst.univie.ac.at/~mangler/services/timeout.php,a19,complete,2016-12-15 15:58:58+01:00,,,Instance 232
45,"""prepare delivery""",http://gruppe.wst.univie.ac.at/~mangler/services/timeout.php,a20,complete,2016-12-15 15:58:59+01:00,,,Instance 232
46,"""delivery of product""",http://cpee.org/~demo/corr/mesg.php,a22,complete,2016-12-15 15:58:59+01:00,,,Instance 232
47,"""arrival intermediate B""",http://cpee.org/~demo/corr/mesg.php,a2,complete,2016-12-15 15:58:50+01:00,,,Instance 233
0,"""order intermediate B""",http://cpee.org/~demo/corr/mesg.php,a14,complete,2016-12-15 15:58:37+01:00,,,Instance 208
1,"""order intermediate B""",http://cpee.org/~demo/corr/corr.php,a4,complete,2016-12-15 15:58:37+01:00,,,Instance 209
2,"""produce intermediate B""",http://gruppe.wst.univie.ac.at/~mangler/services/timeout.php,a0,complete,2016-12-15 15:58:38+01:00,,,Instance 209
3,"""Transport intermediate B""",http://gruppe.wst.univie.ac.at/~mangler/services/timeout.php,a1,complete,2016-12-15 15:58:39+01:00,,,Instance 209
4,"""order intermediate B""",http://cpee.org/~demo/corr/mesg.php,a14,complete,2016-12-15 15:58:39+01:00,,,Instance 214
5,"""order intermediate B""",http://cpee.org/~demo/corr/corr.php,a4,complete,2016-12-15 15:58:39+01:00,,,Instance 215
6,"""produce intermediate B""",http://gruppe.wst.univie.ac.at/~mangler/services/timeout.php,a0,complete,2016-12-15 15:58:40+01:00,,,Instance 215
7,"""Transport intermediate B""",http://gruppe.wst.univie.ac.at/~mangler/services/timeout.php,a1,complete,2016-12-15 15:58:41+01:00,,,Instance 215
8,"""order intermediate B""",http://cpee.org/~demo/corr/mesg.php,a14,complete,2016-12-15 15:58:41+01:00,,,Instance 220
9,"""order intermediate B""",http://cpee.org/~demo/corr/corr.php,a4,complete,2016-12-15 15:58:41+01:00,,,Instance 221
10,"""produce intermediate B""",http://gruppe.wst.univie.ac.at/~mangler/services/timeout.php,a0,complete,2016-12-15 15:58:43+01:00,,,Instance 221
11,"""Transport intermediate B""",http://gruppe.wst.univie.ac.at/~mangler/services/timeout.php,a1,complete,2016-12-15 15:58:45+01:00,,,Instance 221
12,"""order intermediate B""",http://cpee.org/~demo/corr/mesg.php,a14,complete,2016-12-15 15:58:45+01:00,,,Instance 226
13,"""order intermediate B""",http://cpee.org/~demo/corr/mesg.php,a14,complete,2016-12-15 15:58:48+01:00,,,Instance 232
14,"""order intermediate B""",http://cpee.org/~demo/corr/corr.php,a4,complete,2016-12-15 15:58:48+01:00,,,Instance 233
15,"""produce intermediate B""",http://gruppe.wst.univie.ac.at/~mangler/services/timeout.php,a0,complete,2016-12-15 15:58:49+01:00,,,Instance 233
16,"""Transport intermediate B""",http://gruppe.wst.univie.ac.at/~mangler/services/timeout.php,a1,complete,2016-12-15 15:58:50+01:00,,,Instance 233
